Prompt Index,Prompt,Link Position,Link Title,URL
1,b,N/A,No links found,N/A
2,e,N/A,No links found,N/A
3,s,N/A,No links found,N/A
4,t,N/A,No links found,N/A
5, ,N/A,No links found,N/A
6,p,N/A,No links found,N/A
7,e,N/A,No links found,N/A
8,r,N/A,No links found,N/A
9,f,N/A,No links found,N/A
10,o,N/A,No links found,N/A
11,r,N/A,No links found,N/A
12,m,N/A,No links found,N/A
13,a,N/A,No links found,N/A
14,n,N/A,No links found,N/A
15,c,N/A,No links found,N/A
16,e,N/A,No links found,N/A
17, ,N/A,No links found,N/A
18,r,N/A,No links found,N/A
19,u,N/A,No links found,N/A
20,n,N/A,No links found,N/A
21,n,N/A,No links found,N/A
22,i,N/A,No links found,N/A
23,n,N/A,No links found,N/A
24,g,N/A,No links found,N/A
25, ,N/A,No links found,N/A
26,s,N/A,No links found,N/A
27,h,N/A,No links found,N/A
28,o,N/A,No links found,N/A
29,e,N/A,No links found,N/A
30,s,N/A,No links found,N/A
31, ,N/A,No links found,N/A
32,f,N/A,No links found,N/A
33,o,N/A,No links found,N/A
34,r,N/A,No links found,N/A
35, ,N/A,No links found,N/A
36,s,N/A,No links found,N/A
37,t,N/A,No links found,N/A
38,a,N/A,No links found,N/A
39,b,N/A,No links found,N/A
40,i,N/A,No links found,N/A
41,l,N/A,No links found,N/A
42,i,N/A,No links found,N/A
43,t,N/A,No links found,N/A
44,y,N/A,No links found,N/A
45, ,N/A,No links found,N/A
46,a,N/A,No links found,N/A
47,n,N/A,No links found,N/A
48,d,N/A,No links found,N/A
49, ,N/A,No links found,N/A
50,c,N/A,No links found,N/A
51,o,N/A,No links found,N/A
52,m,N/A,No links found,N/A
53,f,N/A,No links found,N/A
54,o,N/A,No links found,N/A
55,r,N/A,No links found,N/A
56,t,N/A,No links found,N/A
57, ,N/A,No links found,N/A
58,2,N/A,No links found,N/A
59,0,N/A,No links found,N/A
60,2,N/A,No links found,N/A
61,4,N/A,No links found,N/A
